WBS element,PGr,Vendor,Name 1,Doc. No.,Item,Material,Short Text,MPN,Manufactur,Quantity,Net Price,Net Value Domestic Currency,Crcy,Doc. Date,PR Date,order confirmatioin date,GR-D.o.Post,S.Del.Dat,PO created by,Plant,MRP Type
,MFA,80000001,Dummy Supplier A,90000001,00010,DUMMY-MAT-001,Dummy bracket assembly,DUMMY-MPN-0001,,7,242,1694,CNY,2026-01-07,2026-01-05,2026-01-09,,2026-01-16,UC4CPIC,P001,ND
,MFB,80000002,Dummy Supplier B,90000001,00020,DUMMY-MAT-002,Dummy cable set,DUMMY-MPN-0002,,2,104,208,CNY,2026-01-12,2026-01-05,2026-01-19,,2026-01-23,ZUSER1,P002,PD
,MFC,80000003,Dummy Supplier C,90000001,00030,DUMMY-MAT-003,Dummy machined plate,DUMMY-MPN-0003,,12,297,3564,CNY,2026-01-20,2026-01-05,2026-02-03,,2026-02-10,UC4CPIC,P001,ND
,MFD,80000004,Dummy Supplier D,90000002,00010,DUMMY-MAT-004,Dummy sensor kit,DUMMY-MPN-0004,,11,220,2420,CNY,2026-02-02,,,,2026-02-16,ZUSER2,P002,PD
,MFA,80000005,Dummy Supplier E,90000002,00020,DUMMY-MAT-005,Dummy service package,DUMMY-MPN-0005,,11,194,2134,CNY,2026-02-03,,,2026-02-10,2026-02-17,UC4CPIC,P001,ND
,MFB,80000006,Dummy Supplier F,90000002,00030,DUMMY-MAT-006,Dummy bracket assembly,DUMMY-MPN-0006,,19,424,8056,CNY,2026-03-05,2026-03-02,,2026-03-12,2026-03-19,ZUSER1,P002,PD
M.6601336.810.0.1,MFC,80000007,Dummy Supplier G,90000003,00010,DUMMY-MAT-007,Dummy cable set,DUMMY-MPN-0007,,17,443,7531,CNY,2026-03-10,2026-03-02,,2026-03-17,2026-03-24,UC4CPIC,P001,ND
M.6601336.820.0.5,MFD,80000008,Dummy Supplier H,90000003,00020,DUMMY-MAT-008,Dummy machined plate,DUMMY-MPN-0008,,18,339,6102,CNY,2026-04-15,2026-04-01,2026-04-17,,2026-04-24,ZUSER2,P002,PD
M.6601336.830.0.1,MFA,80000009,Dummy Supplier I,90000003,00030,DUMMY-MAT-009,Dummy sensor kit,DUMMY-MPN-0009,,4,241,964,CNY,2026-01-07,2026-01-05,2026-01-09,,2026-01-16,UC4CPIC,P001,ND
M.6601336.840.0.5,MFB,80000010,Dummy Supplier J,90000004,00010,DUMMY-MAT-010,Dummy service package,DUMMY-MPN-0010,,8,149,1192,CNY,2026-01-12,2026-01-05,2026-01-19,,2026-01-23,ZUSER1,P002,PD
M.6601336.800.0.1,MFC,80000001,Dummy Supplier A,90000004,00020,DUMMY-MAT-011,Dummy bracket assembly,DUMMY-MPN-0011,,1,368,368,CNY,2026-01-20,2026-01-05,2026-02-03,,2026-02-10,UC4CPIC,P001,ND
M.6601336.810.0.5,MFD,80000002,Dummy Supplier B,90000004,00030,DUMMY-MAT-012,Dummy cable set,DUMMY-MPN-0012,,14,371,5194,CNY,2026-02-02,,,,2026-02-16,ZUSER2,P002,PD
,MFA,80000003,Dummy Supplier C,90000005,00010,9999.013.013,Dummy machined plate,DUMMY-MPN-0013,DummyMfr-X,12,23,276,CNY,2026-01-20,2026-01-05,2026-02-03,,2026-02-10,UC4CPIC,P001,ND
,MFB,80000004,Dummy Supplier D,90000005,00020,9999.014.014,Dummy sensor kit,DUMMY-MPN-0014,DummyMfr-Y,1,324,324,CNY,2026-02-02,,,,2026-02-16,ZUSER1,P002,PD
,MFC,80000005,Dummy Supplier E,90000005,00030,DUMMY-MAT-015,Dummy service package,DUMMY-MPN-0015,DummyMfr-Z,10,121,1210,CNY,2026-02-03,,,2026-02-10,2026-02-17,ZUSER2,P001,ND
,MFD,80000006,Dummy Supplier F,90000006,00010,9999.016.016,Dummy bracket assembly,DUMMY-MPN-0016,DummyMfr-X,15,321,4815,CNY,2026-03-05,2026-03-02,,2026-03-12,2026-03-19,UC4CPIC,P002,PD
,MFA,80000007,Dummy Supplier G,90000006,00020,9999.017.017,Dummy cable set,DUMMY-MPN-0017,DummyMfr-Y,19,390,7410,CNY,2026-03-10,2026-03-02,,2026-03-17,2026-03-24,ZUSER1,P001,ND
,MFB,80000008,Dummy Supplier H,90000006,00030,9999.018.018,Dummy machined plate,DUMMY-MPN-0018,DummyMfr-Z,7,429,3003,CNY,2026-04-15,2026-04-01,2026-04-17,,2026-04-24,ZUSER2,P002,PD
,MFC,80000009,Dummy Supplier I,90000007,00010,9999.019.019,Dummy sensor kit,DUMMY-MPN-0019,DummyMfr-X,20,90,1800,CNY,2026-01-07,2026-01-05,2026-01-09,,2026-01-16,UC4CPIC,P001,ND
,MFD,80000010,Dummy Supplier J,90000007,00020,9999.020.020,Dummy service package,DUMMY-MPN-0020,DummyMfr-Y,18,134,2412,CNY,2026-01-12,2026-01-05,2026-01-19,,2026-01-23,ZUSER1,P002,PD
,MFA,80000001,Dummy Supplier A,90000007,00030,9999.021.001,Dummy bracket assembly,DUMMY-MPN-0021,DummyMfr-Z,16,381,6096,CNY,2026-01-20,2026-01-05,2026-02-03,,2026-02-10,ZUSER2,P001,ND
,MFB,80000002,Dummy Supplier B,90000008,00010,DUMMY-MAT-022,Dummy cable set,DUMMY-MPN-0022,DummyMfr-X,16,292,4672,CNY,2026-02-02,,,,2026-02-16,UC4CPIC,P002,PD
,MFC,80000003,Dummy Supplier C,90000008,00020,9999.023.003,Dummy machined plate,DUMMY-MPN-0023,DummyMfr-Y,7,356,2492,CNY,2026-02-03,,,2026-02-10,2026-02-17,ZUSER1,P001,ND
,MFD,80000004,Dummy Supplier D,90000008,00030,9999.024.004,Dummy sensor kit,DUMMY-MPN-0024,DummyMfr-Z,19,330,6270,CNY,2026-03-05,2026-03-02,,2026-03-12,2026-03-19,ZUSER2,P002,PD
,MFA,80000005,Dummy Supplier E,90000009,00010,9999.025.005,Dummy service package,DUMMY-MPN-0025,DummyMfr-X,17,405,6885,CNY,2026-03-10,2026-03-02,,2026-03-17,2026-03-24,UC4CPIC,P001,ND
,MFB,80000006,Dummy Supplier F,90000009,00020,9999.026.006,Dummy bracket assembly,DUMMY-MPN-0026,DummyMfr-Y,1,147,147,CNY,2026-04-15,2026-04-01,2026-04-17,,2026-04-24,ZUSER1,P002,PD
,MFC,80000007,Dummy Supplier G,90000009,00030,9999.027.007,Dummy cable set,DUMMY-MPN-0027,DummyMfr-Z,6,270,1620,CNY,2026-01-07,2026-01-05,2026-01-09,,2026-01-16,ZUSER2,P001,ND
,MFD,80000008,Dummy Supplier H,90000010,00010,9999.028.008,Dummy machined plate,DUMMY-MPN-0028,DummyMfr-X,3,221,663,CNY,2026-01-12,2026-01-05,2026-01-19,,2026-01-23,UC4CPIC,P002,PD
,MFA,80000009,Dummy Supplier I,90000010,00020,DUMMY-MAT-029,Dummy sensor kit,DUMMY-MPN-0029,DummyMfr-Y,11,89,979,CNY,2026-01-20,2026-01-05,2026-02-03,,2026-02-10,ZUSER1,P001,ND
,MFB,80000010,Dummy Supplier J,90000010,00030,9999.030.010,Dummy service package,DUMMY-MPN-0030,DummyMfr-Z,7,49,343,CNY,2026-02-02,,,,2026-02-16,ZUSER2,P002,PD
,MFC,80000001,Dummy Supplier A,90000011,00010,9999.031.011,Dummy bracket assembly,DUMMY-MPN-0031,DummyMfr-X,14,128,1792,CNY,2026-02-03,,,2026-02-10,2026-02-17,UC4CPIC,P001,ND
,MFD,80000002,Dummy Supplier B,90000011,00020,9999.032.012,Dummy cable set,DUMMY-MPN-0032,DummyMfr-Y,8,289,2312,CNY,2026-03-05,2026-03-02,,2026-03-12,2026-03-19,ZUSER1,P002,PD
,MFA,80000003,Dummy Supplier C,90000011,00030,9999.033.013,Dummy machined plate,DUMMY-MPN-0033,DummyMfr-Z,8,449,3592,CNY,2026-03-10,2026-03-02,,2026-03-17,2026-03-24,ZUSER2,P001,ND
,MFB,80000004,Dummy Supplier D,90000012,00010,9999.034.014,Dummy sensor kit,DUMMY-MPN-0034,DummyMfr-X,17,373,6341,CNY,2026-04-15,2026-04-01,2026-04-17,,2026-04-24,UC4CPIC,P002,PD
,MFC,80000005,Dummy Supplier E,90000012,00020,9999.035.015,Dummy service package,DUMMY-MPN-0035,DummyMfr-Y,6,99,594,CNY,2026-01-07,2026-01-05,2026-01-09,,2026-01-16,ZUSER1,P001,ND
,MFD,80000006,Dummy Supplier F,90000012,00030,DUMMY-MAT-036,Dummy bracket assembly,DUMMY-MPN-0036,DummyMfr-Z,5,143,715,CNY,2026-01-12,2026-01-05,2026-01-19,,2026-01-23,ZUSER2,P002,PD
M.6601336.800.0.1,MFA,80000007,Dummy Supplier G,90000013,00010,9999.037.017,Dummy cable set,DUMMY-MPN-0037,DummyMfr-X,20,199,3980,CNY,2026-02-03,,,2026-02-10,2026-02-17,ZUSER1,P001,ND
M.6601336.810.0.5,MFB,80000008,Dummy Supplier H,90000013,00020,9999.038.018,Dummy machined plate,DUMMY-MPN-0038,DummyMfr-Y,11,183,2013,CNY,2026-03-05,2026-03-02,,2026-03-12,2026-03-19,ZUSER2,P002,PD
M.6601336.820.0.1,MFC,80000009,Dummy Supplier I,90000013,00030,9999.039.019,Dummy sensor kit,DUMMY-MPN-0039,DummyMfr-Z,14,126,1764,CNY,2026-03-10,2026-03-02,,2026-03-17,2026-03-24,UC4CPIC,P001,ND
M.6601336.830.0.5,MFD,80000010,Dummy Supplier J,90000014,00010,9999.040.020,Dummy service package,DUMMY-MPN-0040,DummyMfr-X,14,213,2982,CNY,2026-04-15,2026-04-01,2026-04-17,,2026-04-24,ZUSER1,P002,PD
M.6601336.840.0.1,MFA,80000001,Dummy Supplier A,90000014,00020,9999.041.001,Dummy bracket assembly,DUMMY-MPN-0041,DummyMfr-Y,6,23,138,CNY,2026-01-07,2026-01-05,2026-01-09,,2026-01-16,ZUSER2,P001,ND
M.6601336.800.0.5,MFB,80000002,Dummy Supplier B,90000014,00030,9999.042.002,Dummy cable set,DUMMY-MPN-0042,DummyMfr-Z,18,89,1602,CNY,2026-01-12,2026-01-05,2026-01-19,,2026-01-23,UC4CPIC,P002,PD
M.6601336.810.0.1,MFC,80000003,Dummy Supplier C,90000015,00010,DUMMY-MAT-003,Dummy machined plate,DUMMY-MPN-0043,DummyMfr-X,9,384,3456,CNY,2026-01-20,2026-01-05,2026-02-03,,2026-02-10,ZUSER1,P001,ND
M.6601336.820.0.5,MFD,80000004,Dummy Supplier D,90000015,00020,9999.044.004,Dummy sensor kit,DUMMY-MPN-0044,DummyMfr-Y,12,184,2208,CNY,2026-02-02,,,,2026-02-16,ZUSER2,P002,PD
M.6601336.830.0.1,MFA,80000005,Dummy Supplier E,90000015,00030,9999.045.005,Dummy service package,DUMMY-MPN-0045,DummyMfr-Z,1,101,101,CNY,2026-02-03,,,2026-02-10,2026-02-17,UC4CPIC,P001,ND
M.6601336.840.0.5,MFB,80000006,Dummy Supplier F,90000016,00010,9999.046.006,Dummy bracket assembly,DUMMY-MPN-0046,DummyMfr-X,10,360,3600,CNY,2026-03-05,2026-03-02,,2026-03-12,2026-03-19,ZUSER1,P002,PD
M.6601336.800.0.1,MFC,80000007,Dummy Supplier G,90000016,00020,9999.047.007,Dummy cable set,DUMMY-MPN-0047,DummyMfr-Y,1,444,444,CNY,2026-03-10,2026-03-02,,2026-03-17,2026-03-24,ZUSER2,P001,ND
M.6601336.810.0.5,MFD,80000008,Dummy Supplier H,90000016,00030,9999.048.008,Dummy machined plate,DUMMY-MPN-0048,DummyMfr-Z,6,416,2496,CNY,2026-04-15,2026-04-01,2026-04-17,,2026-04-24,UC4CPIC,P002,PD
M.6601336.820.0.1,MFA,80000009,Dummy Supplier I,90000017,00010,9999.049.009,Dummy sensor kit,DUMMY-MPN-0049,DummyMfr-X,19,143,2717,CNY,2026-01-07,2026-01-05,2026-01-09,,2026-01-16,ZUSER1,P001,ND
M.6601336.830.0.5,MFB,80000010,Dummy Supplier J,90000017,00020,DUMMY-MAT-010,Dummy service package,DUMMY-MPN-0050,DummyMfr-Y,11,163,1793,CNY,2026-01-12,2026-01-05,2026-01-19,,2026-01-23,ZUSER2,P002,PD
M.6601336.840.0.1,MFC,80000001,Dummy Supplier A,90000017,00030,9999.051.011,Dummy bracket assembly,DUMMY-MPN-0051,DummyMfr-Z,7,196,1372,CNY,2026-01-20,2026-01-05,2026-02-03,,2026-02-10,UC4CPIC,P001,ND
M.6601336.800.0.5,MFD,80000002,Dummy Supplier B,90000018,00010,9999.052.012,Dummy cable set,DUMMY-MPN-0052,DummyMfr-X,6,234,1404,CNY,2026-02-02,,,,2026-02-16,ZUSER1,P002,PD
M.6601336.810.0.1,MFA,80000003,Dummy Supplier C,90000018,00020,9999.053.013,Dummy machined plate,DUMMY-MPN-0053,DummyMfr-Y,7,57,399,CNY,2026-02-03,,,2026-02-10,2026-02-17,ZUSER2,P001,ND
M.6601336.820.0.5,MFB,80000004,Dummy Supplier D,90000018,00030,9999.054.014,Dummy sensor kit,DUMMY-MPN-0054,DummyMfr-Z,9,414,3726,CNY,2026-03-05,2026-03-02,,2026-03-12,2026-03-19,UC4CPIC,P002,PD
M.6601336.830.0.1,MFC,80000005,Dummy Supplier E,90000019,00010,9999.055.015,Dummy service package,DUMMY-MPN-0055,DummyMfr-X,9,306,2754,CNY,2026-03-10,2026-03-02,,2026-03-17,2026-03-24,ZUSER1,P001,ND
M.6601336.840.0.5,MFD,80000006,Dummy Supplier F,90000019,00020,9999.056.016,Dummy bracket assembly,DUMMY-MPN-0056,DummyMfr-Y,18,168,3024,CNY,2026-04-15,2026-04-01,2026-04-17,,2026-04-24,ZUSER2,P002,PD
M.6601336.800.0.1,MFA,80000007,Dummy Supplier G,90000019,00030,DUMMY-MAT-017,Dummy cable set,DUMMY-MPN-0057,DummyMfr-Z,7,384,2688,CNY,2026-01-07,2026-01-05,2026-01-09,,2026-01-16,UC4CPIC,P001,ND
M.6601336.810.0.5,MFB,80000008,Dummy Supplier H,90000020,00010,9999.058.018,Dummy machined plate,DUMMY-MPN-0058,DummyMfr-X,17,88,1496,CNY,2026-01-12,2026-01-05,2026-01-19,,2026-01-23,ZUSER1,P002,PD
M.6601336.820.0.1,MFC,80000009,Dummy Supplier I,90000020,00020,9999.059.019,Dummy sensor kit,DUMMY-MPN-0059,DummyMfr-Y,17,270,4590,CNY,2026-01-20,2026-01-05,2026-02-03,,2026-02-10,ZUSER2,P001,ND
M.6601336.830.0.5,MFD,80000010,Dummy Supplier J,90000020,00030,9999.060.020,Dummy service package,DUMMY-MPN-0060,DummyMfr-Z,14,383,5362,CNY,2026-02-02,,,,2026-02-16,UC4CPIC,P002,PD
M.6601336.840.0.1,MFA,80000001,Dummy Supplier A,90000021,00010,9999.061.001,Dummy bracket assembly,DUMMY-MPN-0061,DummyMfr-X,18,366,6588,CNY,2026-02-03,,,2026-02-10,2026-02-17,ZUSER1,P001,ND
M.6601336.800.0.5,MFB,80000002,Dummy Supplier B,90000021,00020,9999.062.002,Dummy cable set,DUMMY-MPN-0062,DummyMfr-Y,3,33,99,CNY,2026-03-05,2026-03-02,,2026-03-12,2026-03-19,ZUSER2,P002,PD
M.6601336.810.0.1,MFC,80000003,Dummy Supplier C,90000021,00030,9999.063.003,Dummy machined plate,DUMMY-MPN-0063,DummyMfr-Z,11,112,1232,CNY,2026-03-10,2026-03-02,,2026-03-17,2026-03-24,UC4CPIC,P001,ND
M.6601336.820.0.5,MFD,80000004,Dummy Supplier D,90000022,00010,DUMMY-MAT-024,Dummy sensor kit,DUMMY-MPN-0064,DummyMfr-X,17,297,5049,CNY,2026-04-15,2026-04-01,2026-04-17,,2026-04-24,ZUSER1,P002,PD
M.6601336.830.0.1,MFA,80000005,Dummy Supplier E,90000022,00020,9999.065.005,Dummy service package,DUMMY-MPN-0065,DummyMfr-Y,5,380,1900,CNY,2026-01-07,2026-01-05,2026-01-09,,2026-01-16,ZUSER2,P001,ND
M.6601336.840.0.5,MFB,80000006,Dummy Supplier F,90000022,00030,9999.066.006,Dummy bracket assembly,DUMMY-MPN-0066,DummyMfr-Z,18,47,846,CNY,2026-01-12,2026-01-05,2026-01-19,,2026-01-23,UC4CPIC,P002,PD
M.6601336.800.0.1,MFC,80000007,Dummy Supplier G,90000023,00010,9999.067.007,Dummy cable set,DUMMY-MPN-0067,DummyMfr-X,15,89,1335,CNY,2026-01-20,2026-01-05,2026-02-03,,2026-02-10,ZUSER1,P001,ND
M.6601336.810.0.5,MFD,80000008,Dummy Supplier H,90000023,00020,9999.068.008,Dummy machined plate,DUMMY-MPN-0068,DummyMfr-Y,2,55,110,CNY,2026-02-02,,,,2026-02-16,ZUSER2,P002,PD
M.6601336.820.0.1,MFA,80000009,Dummy Supplier I,90000023,00030,9999.069.009,Dummy sensor kit,DUMMY-MPN-0069,DummyMfr-Z,11,324,3564,CNY,2026-02-03,,,2026-02-10,2026-02-17,UC4CPIC,P001,ND
M.6601336.830.0.5,MFB,80000010,Dummy Supplier J,90000024,00010,9999.070.010,Dummy service package,DUMMY-MPN-0070,DummyMfr-X,3,124,372,CNY,2026-03-05,2026-03-02,,2026-03-12,2026-03-19,ZUSER1,P002,PD
M.6601336.840.0.1,MFC,80000001,Dummy Supplier A,90000024,00020,DUMMY-MAT-031,Dummy bracket assembly,DUMMY-MPN-0071,DummyMfr-Y,18,238,4284,CNY,2026-03-10,2026-03-02,,2026-03-17,2026-03-24,ZUSER2,P001,ND
M.6601336.800.0.5,MFD,80000002,Dummy Supplier B,90000024,00030,9999.072.012,Dummy cable set,DUMMY-MPN-0072,DummyMfr-Z,12,392,4704,CNY,2026-04-15,2026-04-01,2026-04-17,,2026-04-24,UC4CPIC,P002,PD
M.6601336.820.0.1,MFC,80000003,Dummy Supplier C,90000025,00010,9999.073.013,Dummy machined plate,DUMMY-MPN-0073,DummyMfr-Z,19,192,3648,CNY,2026-01-12,2026-01-05,2026-01-19,,2026-01-23,ZUSER2,P001,ND
M.6601336.830.0.5,MFA,80000004,Dummy Supplier D,90000025,00020,9999.074.014,Dummy sensor kit,DUMMY-MPN-0074,DummyMfr-Y,9,146,1314,CNY,2026-02-02,,,,2026-02-16,UC4CPIC,P002,PD
M.6601336.840.0.1,MFD,80000005,Dummy Supplier E,90000025,00030,9999.075.015,Dummy service package,DUMMY-MPN-0075,DummyMfr-Y,12,448,5376,CNY,2026-02-03,,,2026-02-10,2026-02-17,ZUSER1,P001,ND
M.6601336.800.0.5,MFB,80000006,Dummy Supplier F,90000026,00010,9999.076.016,Dummy bracket assembly,DUMMY-MPN-0076,DummyMfr-Y,12,325,3900,CNY,2026-03-10,2026-03-02,,2026-03-17,2026-03-24,ZUSER1,P002,PD
M.6601336.810.0.1,MFA,80000007,Dummy Supplier G,90000026,00020,9999.077.017,Dummy cable set,DUMMY-MPN-0077,DummyMfr-Y,13,291,3783,CNY,2026-01-07,2026-01-05,2026-01-09,,2026-01-16,ZUSER2,P001,ND
M.6601336.820.0.5,MFD,80000008,Dummy Supplier H,90000026,00030,DUMMY-MAT-038,Dummy machined plate,DUMMY-MPN-0078,DummyMfr-Y,11,255,2805,CNY,2026-02-02,,,,2026-02-16,ZUSER1,P002,PD
M.6601336.830.0.1,MFA,80000009,Dummy Supplier I,90000027,00010,9999.079.019,Dummy sensor kit,DUMMY-MPN-0079,DummyMfr-Y,4,40,160,CNY,2026-01-07,2026-01-05,2026-01-09,,2026-01-16,ZUSER2,P001,ND
,MFB,80000010,Dummy Supplier J,90000027,00020,9999.080.020,Dummy service package,DUMMY-MPN-0080,DummyMfr-Z,18,320,5760,CNY,2026-04-15,2026-04-01,2026-04-17,,2026-04-24,ZUSER1,P002,PD
,MFD,80000001,Dummy Supplier A,90000027,00030,DUMMY-MAT-001,Dummy bracket assembly,DUMMY-MPN-0081,,2,76,152,CNY,2026-01-12,2026-01-05,2026-01-19,,2026-01-23,ZUSER1,P001,ND
,MFB,80000002,Dummy Supplier B,90000028,00010,9999.002.002,Dummy cable set,DUMMY-MPN-0082,DummyMfr-Y,19,162,3078,CNY,2026-02-03,,,2026-02-10,2026-02-17,UC4CPIC,P002,PD
M.6601336.820.0.1,MFA,80000003,Dummy Supplier C,90000028,00020,9999.003.003,Dummy machined plate,DUMMY-MPN-0083,DummyMfr-X,9,342,3078,CNY,2026-04-15,2026-04-01,2026-04-17,,2026-04-24,ZUSER2,P001,ND
M.6601336.830.0.5,MFB,80000004,Dummy Supplier D,90000028,00030,9999.004.004,Dummy sensor kit,DUMMY-MPN-0084,DummyMfr-Y,7,392,2744,CNY,2026-04-15,2026-04-01,2026-04-17,,2026-04-24,ZUSER1,P002,PD
,MFD,80000005,Dummy Supplier E,90000029,00010,DUMMY-MAT-005,Dummy service package,DUMMY-MPN-0085,DummyMfr-Y,6,162,972,CNY,2026-02-02,,,,2026-02-16,UC4CPIC,P001,ND
M.6601336.800.0.5,MFD,80000006,Dummy Supplier F,90000029,00020,9999.006.006,Dummy bracket assembly,DUMMY-MPN-0086,DummyMfr-Y,11,257,2827,CNY,2026-02-03,,,2026-02-10,2026-02-17,UC4CPIC,P002,PD
M.6601336.810.0.1,MFB,80000007,Dummy Supplier G,90000029,00030,DUMMY-MAT-007,Dummy cable set,DUMMY-MPN-0087,,14,268,3752,CNY,2026-03-10,2026-03-02,,2026-03-17,2026-03-24,ZUSER2,P001,ND
M.6601336.820.0.5,MFC,80000008,Dummy Supplier H,90000030,00010,9999.008.008,Dummy machined plate,DUMMY-MPN-0088,DummyMfr-Z,15,161,2415,CNY,2026-02-02,,,,2026-02-16,ZUSER1,P002,PD
M.6601336.830.0.1,MFD,80000009,Dummy Supplier I,90000030,00020,DUMMY-MAT-009,Dummy sensor kit,DUMMY-MPN-0089,,7,268,1876,CNY,2026-01-07,2026-01-05,2026-01-09,,2026-01-16,ZUSER1,P001,ND
M.6601336.840.0.5,MFC,80000010,Dummy Supplier J,90000030,00030,9999.010.010,Dummy service package,DUMMY-MPN-0090,DummyMfr-Z,20,428,8560,CNY,2026-01-20,2026-01-05,2026-02-03,,2026-02-10,UC4CPIC,P002,PD
M.6601336.800.0.1,MFC,80000001,Dummy Supplier A,90000031,00010,9999.011.011,Dummy bracket assembly,DUMMY-MPN-0091,DummyMfr-X,19,369,7011,CNY,2026-03-05,2026-03-02,,2026-03-12,2026-03-19,ZUSER1,P001,ND
,MFB,80000002,Dummy Supplier B,90000031,00020,DUMMY-MAT-012,Dummy cable set,DUMMY-MPN-0092,DummyMfr-Z,5,183,915,CNY,2026-01-20,2026-01-05,2026-02-03,,2026-02-10,UC4CPIC,P002,PD
M.6601336.820.0.1,MFD,80000003,Dummy Supplier C,90000031,00030,9999.013.013,Dummy machined plate,DUMMY-MPN-0093,DummyMfr-Y,17,123,2091,CNY,2026-02-02,,,,2026-02-16,ZUSER1,P001,ND
M.6601336.830.0.5,MFA,80000004,Dummy Supplier D,90000032,00010,DUMMY-MAT-014,Dummy sensor kit,DUMMY-MPN-0094,,15,338,5070,CNY,2026-03-05,2026-03-02,,2026-03-12,2026-03-19,ZUSER2,P002,PD
M.6601336.840.0.1,MFD,80000005,Dummy Supplier E,90000032,00020,9999.015.015,Dummy service package,DUMMY-MPN-0095,DummyMfr-X,13,401,5213,CNY,2026-01-20,2026-01-05,2026-02-03,,2026-02-10,ZUSER2,P001,ND
,MFC,80000006,Dummy Supplier F,90000032,00030,9999.016.016,Dummy bracket assembly,DUMMY-MPN-0096,DummyMfr-X,6,72,432,CNY,2026-02-03,,,2026-02-10,2026-02-17,UC4CPIC,P002,PD
,MFD,80000007,Dummy Supplier G,90000033,00010,DUMMY-MAT-017,Dummy cable set,DUMMY-MPN-0097,,11,196,2156,CNY,2026-02-03,,,2026-02-10,2026-02-17,UC4CPIC,P001,ND
M.6601336.820.0.5,MFB,80000008,Dummy Supplier H,90000033,00020,9999.018.018,Dummy machined plate,DUMMY-MPN-0098,DummyMfr-Z,17,398,6766,CNY,2026-02-02,,,,2026-02-16,ZUSER1,P002,PD
M.6601336.830.0.1,MFC,80000009,Dummy Supplier I,90000033,00030,DUMMY-MAT-019,Dummy sensor kit,DUMMY-MPN-0099,DummyMfr-X,15,431,6465,CNY,2026-03-05,2026-03-02,,2026-03-12,2026-03-19,ZUSER2,P001,ND
,MFB,80000010,Dummy Supplier J,90000034,00010,9999.020.020,Dummy service package,DUMMY-MPN-0100,DummyMfr-Y,17,405,6885,CNY,2026-04-15,2026-04-01,2026-04-17,,2026-04-24,UC4CPIC,P002,PD
,MFB,80000001,Dummy Supplier A,90000034,00020,9999.021.001,Dummy bracket assembly,DUMMY-MPN-0101,DummyMfr-Y,6,343,2058,CNY,2026-02-03,,,2026-02-10,2026-02-17,ZUSER2,P001,ND
M.6601336.810.0.5,MFD,80000002,Dummy Supplier B,90000034,00030,9999.022.002,Dummy cable set,DUMMY-MPN-0102,DummyMfr-Z,19,101,1919,CNY,2026-04-15,2026-04-01,2026-04-17,,2026-04-24,UC4CPIC,P002,PD
M.6601336.820.0.1,MFA,80000003,Dummy Supplier C,90000035,00010,9999.023.003,Dummy machined plate,DUMMY-MPN-0103,DummyMfr-Z,18,162,2916,CNY,2026-01-07,2026-01-05,2026-01-09,,2026-01-16,ZUSER1,P001,ND
M.6601336.830.0.5,MFC,80000004,Dummy Supplier D,90000035,00020,9999.024.004,Dummy sensor kit,DUMMY-MPN-0104,DummyMfr-Y,2,91,182,CNY,2026-02-03,,,2026-02-10,2026-02-17,ZUSER1,P002,PD
M.6601336.840.0.1,MFA,80000005,Dummy Supplier E,90000035,00030,DUMMY-MAT-025,Dummy service package,DUMMY-MPN-0105,,1,75,75,CNY,2026-01-20,2026-01-05,2026-02-03,,2026-02-10,UC4CPIC,P001,ND
M.6601336.800.0.5,MFA,80000006,Dummy Supplier F,90000036,00010,DUMMY-MAT-026,Dummy bracket assembly,DUMMY-MPN-0106,DummyMfr-Y,7,225,1575,CNY,2026-02-03,,,2026-02-10,2026-02-17,ZUSER2,P002,PD
M.6601336.810.0.1,MFA,80000007,Dummy Supplier G,90000036,00020,9999.027.007,Dummy cable set,DUMMY-MPN-0107,DummyMfr-Y,7,418,2926,CNY,2026-04-15,2026-04-01,2026-04-17,,2026-04-24,UC4CPIC,P001,ND
,MFB,80000008,Dummy Supplier H,90000036,00030,9999.028.008,Dummy machined plate,DUMMY-MPN-0108,DummyMfr-Z,14,167,2338,CNY,2026-01-07,2026-01-05,2026-01-09,,2026-01-16,UC4CPIC,P002,PD
M.6601336.830.0.1,MFD,80000009,Dummy Supplier I,90000037,00010,9999.029.009,Dummy sensor kit,DUMMY-MPN-0109,DummyMfr-Y,20,34,680,CNY,2026-02-02,,,,2026-02-16,UC4CPIC,P001,ND
M.6601336.840.0.5,MFD,80000010,Dummy Supplier J,90000037,00020,9999.030.010,Dummy service package,DUMMY-MPN-0110,DummyMfr-Y,8,64,512,CNY,2026-01-12,2026-01-05,2026-01-19,,2026-01-23,UC4CPIC,P002,PD
M.6601336.800.0.1,MFC,80000001,Dummy Supplier A,90000037,00030,9999.031.011,Dummy bracket assembly,DUMMY-MPN-0111,DummyMfr-X,11,381,4191,CNY,2026-01-20,2026-01-05,2026-02-03,,2026-02-10,ZUSER1,P001,ND
M.6601336.810.0.5,MFB,80000002,Dummy Supplier B,90000038,00010,DUMMY-MAT-032,Dummy cable set,DUMMY-MPN-0112,,11,124,1364,CNY,2026-02-02,,,,2026-02-16,ZUSER2,P002,PD
,MFA,80000003,Dummy Supplier C,90000038,00020,DUMMY-MAT-033,Dummy machined plate,DUMMY-MPN-0113,DummyMfr-X,19,443,8417,CNY,2026-02-03,,,2026-02-10,2026-02-17,UC4CPIC,P001,ND
M.6601336.830.0.5,MFA,80000004,Dummy Supplier D,90000038,00030,9999.034.014,Dummy sensor kit,DUMMY-MPN-0114,DummyMfr-X,11,49,539,CNY,2026-01-20,2026-01-05,2026-02-03,,2026-02-10,ZUSER1,P002,PD
M.6601336.840.0.1,MFA,80000005,Dummy Supplier E,90000039,00010,9999.035.015,Dummy service package,DUMMY-MPN-0115,DummyMfr-Y,4,401,1604,CNY,2026-01-07,2026-01-05,2026-01-09,,2026-01-16,UC4CPIC,P001,ND
M.6601336.800.0.5,MFD,80000006,Dummy Supplier F,90000039,00020,9999.036.016,Dummy bracket assembly,DUMMY-MPN-0116,DummyMfr-Y,3,56,168,CNY,2026-01-20,2026-01-05,2026-02-03,,2026-02-10,UC4CPIC,P002,PD
M.6601336.810.0.1,MFB,80000007,Dummy Supplier G,90000039,00030,9999.037.017,Dummy cable set,DUMMY-MPN-0117,DummyMfr-X,17,101,1717,CNY,2026-04-15,2026-04-01,2026-04-17,,2026-04-24,UC4CPIC,P001,ND
,MFC,80000008,Dummy Supplier H,90000040,00010,DUMMY-MAT-038,Dummy machined plate,DUMMY-MPN-0118,,11,177,1947,CNY,2026-01-07,2026-01-05,2026-01-09,,2026-01-16,ZUSER1,P002,PD
,MFD,80000009,Dummy Supplier I,90000040,00020,9999.039.019,Dummy sensor kit,DUMMY-MPN-0119,DummyMfr-Z,14,218,3052,CNY,2026-03-10,2026-03-02,,2026-03-17,2026-03-24,ZUSER1,P001,ND
,MFA,80000010,Dummy Supplier J,90000040,00030,DUMMY-MAT-040,Dummy service package,DUMMY-MPN-0120,DummyMfr-Z,14,56,784,CNY,2026-02-03,,,2026-02-10,2026-02-17,ZUSER2,P002,PD
,MFD,80000001,Dummy Supplier A,90000041,00010,9999.041.001,Dummy bracket assembly,DUMMY-MPN-0121,DummyMfr-Y,10,200,2000,CNY,2026-01-07,2026-01-05,2026-01-09,,2026-01-16,ZUSER2,P001,ND
,MFD,80000002,Dummy Supplier B,90000041,00020,9999.042.002,Dummy cable set,DUMMY-MPN-0122,DummyMfr-X,19,388,7372,CNY,2026-02-02,,,,2026-02-16,ZUSER2,P002,PD
M.6601336.820.0.1,MFC,80000003,Dummy Supplier C,90000041,00030,9999.043.003,Dummy machined plate,DUMMY-MPN-0123,DummyMfr-X,4,23,92,CNY,2026-04-15,2026-04-01,2026-04-17,,2026-04-24,UC4CPIC,P001,ND
M.6601336.830.0.5,MFD,80000004,Dummy Supplier D,90000042,00010,DUMMY-MAT-004,Dummy sensor kit,DUMMY-MPN-0124,,19,140,2660,CNY,2026-01-12,2026-01-05,2026-01-19,,2026-01-23,ZUSER2,P002,PD
M.6601336.840.0.1,MFA,80000005,Dummy Supplier E,90000042,00020,9999.045.005,Dummy service package,DUMMY-MPN-0125,DummyMfr-Y,12,152,1824,CNY,2026-03-10,2026-03-02,,2026-03-17,2026-03-24,ZUSER1,P001,ND
,MFC,80000006,Dummy Supplier F,90000042,00030,9999.046.006,Dummy bracket assembly,DUMMY-MPN-0126,DummyMfr-Y,13,328,4264,CNY,2026-02-03,,,2026-02-10,2026-02-17,UC4CPIC,P002,PD
,MFA,80000007,Dummy Supplier G,90000043,00010,DUMMY-MAT-007,Dummy cable set,DUMMY-MPN-0127,DummyMfr-Y,6,111,666,CNY,2026-01-07,2026-01-05,2026-01-09,,2026-01-16,ZUSER2,P001,ND
M.6601336.820.0.5,MFC,80000008,Dummy Supplier H,90000043,00020,DUMMY-MAT-008,Dummy machined plate,DUMMY-MPN-0128,,14,119,1666,CNY,2026-03-10,2026-03-02,,2026-03-17,2026-03-24,ZUSER2,P002,PD
M.6601336.830.0.1,MFB,80000009,Dummy Supplier I,90000043,00030,9999.049.009,Dummy sensor kit,DUMMY-MPN-0129,DummyMfr-X,11,224,2464,CNY,2026-03-05,2026-03-02,,2026-03-12,2026-03-19,UC4CPIC,P001,ND
M.6601336.840.0.5,MFD,80000010,Dummy Supplier J,90000044,00010,9999.050.010,Dummy service package,DUMMY-MPN-0130,DummyMfr-X,3,308,924,CNY,2026-03-10,2026-03-02,,2026-03-17,2026-03-24,ZUSER2,P002,PD
M.6601336.800.0.1,MFD,80000001,Dummy Supplier A,90000044,00020,9999.051.011,Dummy bracket assembly,DUMMY-MPN-0131,DummyMfr-Z,13,280,3640,CNY,2026-01-20,2026-01-05,2026-02-03,,2026-02-10,ZUSER1,P001,ND
M.6601336.810.0.5,MFA,80000002,Dummy Supplier B,90000044,00030,9999.052.012,Dummy cable set,DUMMY-MPN-0132,DummyMfr-Z,19,327,6213,CNY,2026-01-12,2026-01-05,2026-01-19,,2026-01-23,ZUSER2,P002,PD
M.6601336.820.0.1,MFC,80000003,Dummy Supplier C,90000045,00010,DUMMY-MAT-013,Dummy machined plate,DUMMY-MPN-0133,,1,197,197,CNY,2026-01-12,2026-01-05,2026-01-19,,2026-01-23,ZUSER2,P001,ND
M.6601336.830.0.5,MFC,80000004,Dummy Supplier D,90000045,00020,DUMMY-MAT-014,Dummy sensor kit,DUMMY-MPN-0134,DummyMfr-Z,4,231,924,CNY,2026-01-20,2026-01-05,2026-02-03,,2026-02-10,ZUSER2,P002,PD
,MFA,80000005,Dummy Supplier E,90000045,00030,9999.055.015,Dummy service package,DUMMY-MPN-0135,DummyMfr-Y,12,178,2136,CNY,2026-04-15,2026-04-01,2026-04-17,,2026-04-24,ZUSER2,P001,ND
M.6601336.800.0.5,MFD,80000006,Dummy Supplier F,90000046,00010,9999.056.016,Dummy bracket assembly,DUMMY-MPN-0136,DummyMfr-X,19,405,7695,CNY,2026-01-12,2026-01-05,2026-01-19,,2026-01-23,ZUSER1,P002,PD
,MFB,80000007,Dummy Supplier G,90000046,00020,DUMMY-MAT-017,Dummy cable set,DUMMY-MPN-0137,,17,292,4964,CNY,2026-01-12,2026-01-05,2026-01-19,,2026-01-23,ZUSER2,P001,ND
M.6601336.820.0.5,MFD,80000008,Dummy Supplier H,90000046,00030,9999.058.018,Dummy machined plate,DUMMY-MPN-0138,DummyMfr-Y,14,324,4536,CNY,2026-02-02,,,,2026-02-16,ZUSER2,P002,PD
,MFD,80000009,Dummy Supplier I,90000047,00010,9999.059.019,Dummy sensor kit,DUMMY-MPN-0139,DummyMfr-Y,10,431,4310,CNY,2026-02-02,,,,2026-02-16,ZUSER1,P001,ND
,MFA,80000010,Dummy Supplier J,90000047,00020,9999.060.020,Dummy service package,DUMMY-MPN-0140,DummyMfr-X,2,315,630,CNY,2026-02-02,,,,2026-02-16,UC4CPIC,P002,PD
,MFD,80000001,Dummy Supplier A,90000047,00030,DUMMY-MAT-021,Dummy bracket assembly,DUMMY-MPN-0141,DummyMfr-Y,17,99,1683,CNY,2026-02-02,,,,2026-02-16,UC4CPIC,P001,ND
M.6601336.810.0.5,MFB,80000002,Dummy Supplier B,90000048,00010,DUMMY-MAT-022,Dummy cable set,DUMMY-MPN-0142,,20,304,6080,CNY,2026-01-20,2026-01-05,2026-02-03,,2026-02-10,ZUSER1,P002,PD
M.6601336.820.0.1,MFD,80000003,Dummy Supplier C,90000048,00020,9999.063.003,Dummy machined plate,DUMMY-MPN-0143,DummyMfr-Z,15,367,5505,CNY,2026-02-02,,,,2026-02-16,ZUSER1,P001,ND
,MFD,80000004,Dummy Supplier D,90000048,00030,9999.064.004,Dummy sensor kit,DUMMY-MPN-0144,DummyMfr-Z,15,244,3660,CNY,2026-02-02,,,,2026-02-16,ZUSER1,P002,PD
M.6601336.840.0.1,MFD,80000005,Dummy Supplier E,90000049,00010,DUMMY-MAT-025,Dummy service package,DUMMY-MPN-0145,,1,36,36,CNY,2026-01-20,2026-01-05,2026-02-03,,2026-02-10,UC4CPIC,P001,ND
,MFA,80000006,Dummy Supplier F,90000049,00020,9999.066.006,Dummy bracket assembly,DUMMY-MPN-0146,DummyMfr-Z,2,32,64,CNY,2026-02-03,,,2026-02-10,2026-02-17,ZUSER1,P002,PD
,MFD,80000007,Dummy Supplier G,90000049,00030,9999.067.007,Dummy cable set,DUMMY-MPN-0147,DummyMfr-Y,18,106,1908,CNY,2026-04-15,2026-04-01,2026-04-17,,2026-04-24,ZUSER2,P001,ND
M.6601336.820.0.5,MFA,80000008,Dummy Supplier H,90000050,00010,DUMMY-MAT-028,Dummy machined plate,DUMMY-MPN-0148,,14,241,3374,CNY,2026-01-12,2026-01-05,2026-01-19,,2026-01-23,UC4CPIC,P002,PD
,MFA,80000009,Dummy Supplier I,90000050,00020,9999.069.009,Dummy sensor kit,DUMMY-MPN-0149,DummyMfr-Y,7,25,175,CNY,2026-02-03,,,2026-02-10,2026-02-17,ZUSER1,P001,ND
M.6601336.840.0.5,MFC,80000010,Dummy Supplier J,90000050,00030,9999.070.010,Dummy service package,DUMMY-MPN-0150,DummyMfr-X,9,367,3303,CNY,2026-04-15,2026-04-01,2026-04-17,,2026-04-24,ZUSER1,P002,PD
M.6601336.800.0.1,MFD,80000001,Dummy Supplier A,90000051,00010,9999.071.011,Dummy bracket assembly,DUMMY-MPN-0151,DummyMfr-X,13,393,5109,CNY,2026-01-20,2026-01-05,2026-02-03,,2026-02-10,UC4CPIC,P001,ND
,MFA,80000002,Dummy Supplier B,90000051,00020,9999.072.012,Dummy cable set,DUMMY-MPN-0152,DummyMfr-Y,19,87,1653,CNY,2026-02-02,,,,2026-02-16,ZUSER2,P002,PD
,MFB,80000003,Dummy Supplier C,90000051,00030,9999.073.013,Dummy machined plate,DUMMY-MPN-0153,DummyMfr-Y,10,29,290,CNY,2026-03-05,2026-03-02,,2026-03-12,2026-03-19,ZUSER2,P001,ND
,MFA,80000004,Dummy Supplier D,90000052,00010,9999.074.014,Dummy sensor kit,DUMMY-MPN-0154,DummyMfr-Y,13,447,5811,CNY,2026-01-20,2026-01-05,2026-02-03,,2026-02-10,UC4CPIC,P002,PD
M.6601336.840.0.1,MFD,80000005,Dummy Supplier E,90000052,00020,DUMMY-MAT-035,Dummy service package,DUMMY-MPN-0155,DummyMfr-X,3,52,156,CNY,2026-01-12,2026-01-05,2026-01-19,,2026-01-23,ZUSER1,P001,ND
M.6601336.800.0.5,MFC,80000006,Dummy Supplier F,90000052,00030,9999.076.016,Dummy bracket assembly,DUMMY-MPN-0156,DummyMfr-X,19,73,1387,CNY,2026-02-03,,,2026-02-10,2026-02-17,UC4CPIC,P002,PD
M.6601336.810.0.1,MFD,80000007,Dummy Supplier G,90000053,00010,9999.077.017,Dummy cable set,DUMMY-MPN-0157,DummyMfr-Z,18,430,7740,CNY,2026-04-15,2026-04-01,2026-04-17,,2026-04-24,UC4CPIC,P001,ND
M.6601336.820.0.5,MFA,80000008,Dummy Supplier H,90000053,00020,DUMMY-MAT-038,Dummy machined plate,DUMMY-MPN-0158,,18,307,5526,CNY,2026-01-12,2026-01-05,2026-01-19,,2026-01-23,ZUSER2,P002,PD
M.6601336.830.0.1,MFD,80000009,Dummy Supplier I,90000053,00030,DUMMY-MAT-039,Dummy sensor kit,DUMMY-MPN-0159,,8,444,3552,CNY,2026-02-03,,,2026-02-10,2026-02-17,UC4CPIC,P001,ND
M.6601336.840.0.5,MFA,80000010,Dummy Supplier J,90000054,00010,9999.080.020,Dummy service package,DUMMY-MPN-0160,DummyMfr-Y,12,254,3048,CNY,2026-03-10,2026-03-02,,2026-03-17,2026-03-24,UC4CPIC,P002,PD
,MFD,80000001,Dummy Supplier A,90000054,00020,9999.001.001,Dummy bracket assembly,DUMMY-MPN-0161,DummyMfr-X,13,83,1079,CNY,2026-01-07,2026-01-05,2026-01-09,,2026-01-16,ZUSER1,P001,ND
M.6601336.810.0.5,MFA,80000002,Dummy Supplier B,90000054,00030,DUMMY-MAT-002,Dummy cable set,DUMMY-MPN-0162,DummyMfr-Z,13,342,4446,CNY,2026-01-20,2026-01-05,2026-02-03,,2026-02-10,ZUSER1,P002,PD
M.6601336.820.0.1,MFC,80000003,Dummy Supplier C,90000055,00010,9999.003.003,Dummy machined plate,DUMMY-MPN-0163,DummyMfr-Z,19,339,6441,CNY,2026-01-07,2026-01-05,2026-01-09,,2026-01-16,ZUSER1,P001,ND
M.6601336.830.0.5,MFB,80000004,Dummy Supplier D,90000055,00020,9999.004.004,Dummy sensor kit,DUMMY-MPN-0164,DummyMfr-Z,15,166,2490,CNY,2026-03-05,2026-03-02,,2026-03-12,2026-03-19,ZUSER2,P002,PD
M.6601336.840.0.1,MFA,80000005,Dummy Supplier E,90000055,00030,9999.005.005,Dummy service package,DUMMY-MPN-0165,DummyMfr-Z,6,228,1368,CNY,2026-04-15,2026-04-01,2026-04-17,,2026-04-24,UC4CPIC,P001,ND
,MFC,80000006,Dummy Supplier F,90000056,00010,9999.006.006,Dummy bracket assembly,DUMMY-MPN-0166,DummyMfr-X,7,239,1673,CNY,2026-02-02,,,,2026-02-16,ZUSER1,P002,PD
M.6601336.810.0.1,MFC,80000007,Dummy Supplier G,90000056,00020,9999.007.007,Dummy cable set,DUMMY-MPN-0167,DummyMfr-Y,15,216,3240,CNY,2026-02-03,,,2026-02-10,2026-02-17,ZUSER1,P001,ND
M.6601336.820.0.5,MFC,80000008,Dummy Supplier H,90000056,00030,9999.008.008,Dummy machined plate,DUMMY-MPN-0168,DummyMfr-Z,9,151,1359,CNY,2026-03-05,2026-03-02,,2026-03-12,2026-03-19,UC4CPIC,P002,PD
M.6601336.830.0.1,MFC,80000009,Dummy Supplier I,90000057,00010,DUMMY-MAT-009,Dummy sensor kit,DUMMY-MPN-0169,DummyMfr-X,16,197,3152,CNY,2026-03-05,2026-03-02,,2026-03-12,2026-03-19,ZUSER1,P001,ND
M.6601336.840.0.5,MFB,80000010,Dummy Supplier J,90000057,00020,9999.010.010,Dummy service package,DUMMY-MPN-0170,DummyMfr-X,15,446,6690,CNY,2026-03-05,2026-03-02,,2026-03-12,2026-03-19,ZUSER1,P002,PD
M.6601336.800.0.1,MFB,80000001,Dummy Supplier A,90000057,00030,9999.011.011,Dummy bracket assembly,DUMMY-MPN-0171,DummyMfr-Z,13,229,2977,CNY,2026-04-15,2026-04-01,2026-04-17,,2026-04-24,UC4CPIC,P001,ND
M.6601336.810.0.5,MFA,80000002,Dummy Supplier B,90000058,00010,9999.012.012,Dummy cable set,DUMMY-MPN-0172,DummyMfr-Y,3,268,804,CNY,2026-01-20,2026-01-05,2026-02-03,,2026-02-10,UC4CPIC,P002,PD
M.6601336.820.0.1,MFA,80000003,Dummy Supplier C,90000058,00020,9999.013.013,Dummy machined plate,DUMMY-MPN-0173,DummyMfr-Z,2,165,330,CNY,2026-03-10,2026-03-02,,2026-03-17,2026-03-24,ZUSER1,P001,ND
,MFC,80000004,Dummy Supplier D,90000058,00030,9999.014.014,Dummy sensor kit,DUMMY-MPN-0174,DummyMfr-X,2,209,418,CNY,2026-01-07,2026-01-05,2026-01-09,,2026-01-16,ZUSER2,P002,PD
M.6601336.840.0.1,MFA,80000005,Dummy Supplier E,90000059,00010,9999.015.015,Dummy service package,DUMMY-MPN-0175,DummyMfr-X,9,266,2394,CNY,2026-01-12,2026-01-05,2026-01-19,,2026-01-23,ZUSER2,P001,ND
M.6601336.800.0.5,MFA,80000006,Dummy Supplier F,90000059,00020,DUMMY-MAT-016,Dummy bracket assembly,DUMMY-MPN-0176,DummyMfr-Y,8,210,1680,CNY,2026-01-07,2026-01-05,2026-01-09,,2026-01-16,ZUSER1,P002,PD
M.6601336.810.0.1,MFB,80000007,Dummy Supplier G,90000059,00030,9999.017.017,Dummy cable set,DUMMY-MPN-0177,DummyMfr-X,11,104,1144,CNY,2026-03-10,2026-03-02,,2026-03-17,2026-03-24,UC4CPIC,P001,ND
M.6601336.820.0.5,MFB,80000008,Dummy Supplier H,90000060,00010,DUMMY-MAT-018,Dummy machined plate,DUMMY-MPN-0178,,6,329,1974,CNY,2026-01-07,2026-01-05,2026-01-09,,2026-01-16,ZUSER1,P002,PD
M.6601336.830.0.1,MFC,80000009,Dummy Supplier I,90000060,00020,9999.019.019,Dummy sensor kit,DUMMY-MPN-0179,DummyMfr-Y,7,429,3003,CNY,2026-02-02,,,,2026-02-16,ZUSER1,P001,ND
,MFC,80000010,Dummy Supplier J,90000060,00030,DUMMY-MAT-020,Dummy service package,DUMMY-MPN-0180,,11,97,1067,CNY,2026-01-07,2026-01-05,2026-01-09,,2026-01-16,ZUSER2,P002,PD
M.6601336.800.0.1,MFC,80000001,Dummy Supplier A,90000061,00010,9999.021.001,Dummy bracket assembly,DUMMY-MPN-0181,DummyMfr-X,16,291,4656,CNY,2026-03-05,2026-03-02,,2026-03-12,2026-03-19,ZUSER1,P001,ND
M.6601336.810.0.5,MFD,80000002,Dummy Supplier B,90000061,00020,9999.022.002,Dummy cable set,DUMMY-MPN-0182,DummyMfr-Y,12,180,2160,CNY,2026-01-12,2026-01-05,2026-01-19,,2026-01-23,ZUSER1,P002,PD
M.6601336.820.0.1,MFA,80000003,Dummy Supplier C,90000061,00030,DUMMY-MAT-023,Dummy machined plate,DUMMY-MPN-0183,DummyMfr-Z,8,231,1848,CNY,2026-03-10,2026-03-02,,2026-03-17,2026-03-24,ZUSER2,P001,ND
M.6601336.830.0.5,MFA,80000004,Dummy Supplier D,90000062,00010,9999.024.004,Dummy sensor kit,DUMMY-MPN-0184,DummyMfr-Y,3,118,354,CNY,2026-01-20,2026-01-05,2026-02-03,,2026-02-10,UC4CPIC,P002,PD
M.6601336.840.0.1,MFB,80000005,Dummy Supplier E,90000062,00020,9999.025.005,Dummy service package,DUMMY-MPN-0185,DummyMfr-Z,1,103,103,CNY,2026-01-20,2026-01-05,2026-02-03,,2026-02-10,UC4CPIC,P001,ND
M.6601336.800.0.5,MFA,80000006,Dummy Supplier F,90000062,00030,DUMMY-MAT-026,Dummy bracket assembly,DUMMY-MPN-0186,,17,376,6392,CNY,2026-01-20,2026-01-05,2026-02-03,,2026-02-10,UC4CPIC,P002,PD
,MFD,80000007,Dummy Supplier G,90000063,00010,9999.027.007,Dummy cable set,DUMMY-MPN-0187,DummyMfr-Z,17,373,6341,CNY,2026-01-12,2026-01-05,2026-01-19,,2026-01-23,UC4CPIC,P001,ND
M.6601336.820.0.5,MFB,80000008,Dummy Supplier H,90000063,00020,9999.028.008,Dummy machined plate,DUMMY-MPN-0188,DummyMfr-Z,8,279,2232,CNY,2026-02-02,,,,2026-02-16,ZUSER2,P002,PD
M.6601336.830.0.1,MFC,80000009,Dummy Supplier I,90000063,00030,9999.029.009,Dummy sensor kit,DUMMY-MPN-0189,DummyMfr-X,13,327,4251,CNY,2026-01-07,2026-01-05,2026-01-09,,2026-01-16,UC4CPIC,P001,ND
,MFA,80000010,Dummy Supplier J,90000064,00010,DUMMY-MAT-030,Dummy service package,DUMMY-MPN-0190,DummyMfr-Y,3,195,585,CNY,2026-01-20,2026-01-05,2026-02-03,,2026-02-10,UC4CPIC,P002,PD
M.6601336.800.0.1,MFB,80000001,Dummy Supplier A,90000064,00020,9999.031.011,Dummy bracket assembly,DUMMY-MPN-0191,DummyMfr-Z,14,69,966,CNY,2026-03-05,2026-03-02,,2026-03-12,2026-03-19,ZUSER1,P001,ND
M.6601336.810.0.5,MFD,80000002,Dummy Supplier B,90000064,00030,9999.032.012,Dummy cable set,DUMMY-MPN-0192,DummyMfr-Y,17,398,6766,CNY,2026-02-02,,,,2026-02-16,UC4CPIC,P002,PD
M.6601336.820.0.1,MFD,80000003,Dummy Supplier C,90000065,00010,9999.033.013,Dummy machined plate,DUMMY-MPN-0193,DummyMfr-X,6,253,1518,CNY,2026-02-02,,,,2026-02-16,UC4CPIC,P001,ND
M.6601336.830.0.5,MFD,80000004,Dummy Supplier D,90000065,00020,9999.034.014,Dummy sensor kit,DUMMY-MPN-0194,DummyMfr-X,13,61,793,CNY,2026-02-02,,,,2026-02-16,ZUSER1,P002,PD
,MFC,80000005,Dummy Supplier E,90000065,00030,DUMMY-MAT-035,Dummy service package,DUMMY-MPN-0195,,16,134,2144,CNY,2026-02-03,,,2026-02-10,2026-02-17,ZUSER1,P001,ND
,MFD,80000006,Dummy Supplier F,90000066,00010,9999.036.016,Dummy bracket assembly,DUMMY-MPN-0196,DummyMfr-X,18,345,6210,CNY,2026-03-10,2026-03-02,,2026-03-17,2026-03-24,ZUSER1,P002,PD
M.6601336.810.0.1,MFB,80000007,Dummy Supplier G,90000066,00020,DUMMY-MAT-037,Dummy cable set,DUMMY-MPN-0197,DummyMfr-Z,12,199,2388,CNY,2026-01-20,2026-01-05,2026-02-03,,2026-02-10,UC4CPIC,P001,ND
M.6601336.820.0.5,MFA,80000008,Dummy Supplier H,90000066,00030,9999.038.018,Dummy machined plate,DUMMY-MPN-0198,DummyMfr-Y,5,360,1800,CNY,2026-04-15,2026-04-01,2026-04-17,,2026-04-24,ZUSER1,P002,PD
M.6601336.830.0.1,MFB,80000009,Dummy Supplier I,90000067,00010,9999.039.019,Dummy sensor kit,DUMMY-MPN-0199,DummyMfr-Z,5,267,1335,CNY,2026-03-05,2026-03-02,,2026-03-12,2026-03-19,ZUSER2,P001,ND
,MFC,80000010,Dummy Supplier J,90000067,00020,9999.040.020,Dummy service package,DUMMY-MPN-0200,DummyMfr-Z,16,97,1552,CNY,2026-01-12,2026-01-05,2026-01-19,,2026-01-23,UC4CPIC,P002,PD
M.6601336.800.0.1,MFC,80000001,Dummy Supplier A,90000067,00030,9999.041.001,Dummy bracket assembly,DUMMY-MPN-0201,DummyMfr-Z,4,341,1364,CNY,2026-02-03,,,2026-02-10,2026-02-17,UC4CPIC,P001,ND
M.6601336.810.0.5,MFC,80000002,Dummy Supplier B,90000068,00010,DUMMY-MAT-002,Dummy cable set,DUMMY-MPN-0202,,13,126,1638,CNY,2026-02-02,,,,2026-02-16,UC4CPIC,P002,PD
,MFA,80000003,Dummy Supplier C,90000068,00020,9999.043.003,Dummy machined plate,DUMMY-MPN-0203,DummyMfr-X,5,205,1025,CNY,2026-02-03,,,2026-02-10,2026-02-17,UC4CPIC,P001,ND
M.6601336.830.0.5,MFD,80000004,Dummy Supplier D,90000068,00030,DUMMY-MAT-004,Dummy sensor kit,DUMMY-MPN-0204,DummyMfr-X,7,450,3150,CNY,2026-01-12,2026-01-05,2026-01-19,,2026-01-23,UC4CPIC,P002,PD
M.6601336.840.0.1,MFD,80000005,Dummy Supplier E,90000069,00010,DUMMY-MAT-005,Dummy service package,DUMMY-MPN-0205,,18,281,5058,CNY,2026-03-10,2026-03-02,,2026-03-17,2026-03-24,ZUSER1,P001,ND
M.6601336.800.0.5,MFC,80000006,Dummy Supplier F,90000069,00020,9999.046.006,Dummy bracket assembly,DUMMY-MPN-0206,DummyMfr-Y,12,107,1284,CNY,2026-01-20,2026-01-05,2026-02-03,,2026-02-10,ZUSER2,P002,PD
,MFB,80000007,Dummy Supplier G,90000069,00030,DUMMY-MAT-007,Dummy cable set,DUMMY-MPN-0207,,13,389,5057,CNY,2026-03-10,2026-03-02,,2026-03-17,2026-03-24,ZUSER1,P001,ND
M.6601336.820.0.5,MFC,80000008,Dummy Supplier H,90000070,00010,9999.048.008,Dummy machined plate,DUMMY-MPN-0208,DummyMfr-Y,7,322,2254,CNY,2026-01-07,2026-01-05,2026-01-09,,2026-01-16,ZUSER2,P002,PD
M.6601336.830.0.1,MFC,80000009,Dummy Supplier I,90000070,00020,9999.049.009,Dummy sensor kit,DUMMY-MPN-0209,DummyMfr-X,13,62,806,CNY,2026-03-05,2026-03-02,,2026-03-12,2026-03-19,UC4CPIC,P001,ND
M.6601336.840.0.5,MFA,80000010,Dummy Supplier J,90000070,00030,9999.050.010,Dummy service package,DUMMY-MPN-0210,DummyMfr-Y,18,283,5094,CNY,2026-02-03,,,2026-02-10,2026-02-17,ZUSER1,P002,PD
,MFA,80000001,Dummy Supplier A,90000071,00010,DUMMY-MAT-011,Dummy bracket assembly,DUMMY-MPN-0211,DummyMfr-Y,9,48,432,CNY,2026-02-02,,,,2026-02-16,ZUSER2,P001,ND
M.6601336.810.0.5,MFB,80000002,Dummy Supplier B,90000071,00020,9999.052.012,Dummy cable set,DUMMY-MPN-0212,DummyMfr-Y,15,260,3900,CNY,2026-01-12,2026-01-05,2026-01-19,,2026-01-23,ZUSER1,P002,PD
,MFC,80000003,Dummy Supplier C,90000071,00030,9999.053.013,Dummy machined plate,DUMMY-MPN-0213,DummyMfr-X,19,448,8512,CNY,2026-02-02,,,,2026-02-16,UC4CPIC,P001,ND
,MFB,80000004,Dummy Supplier D,90000072,00010,9999.054.014,Dummy sensor kit,DUMMY-MPN-0214,DummyMfr-Y,3,132,396,CNY,2026-03-05,2026-03-02,,2026-03-12,2026-03-19,ZUSER1,P002,PD
M.6601336.840.0.1,MFB,80000005,Dummy Supplier E,90000072,00020,9999.055.015,Dummy service package,DUMMY-MPN-0215,DummyMfr-X,6,208,1248,CNY,2026-01-12,2026-01-05,2026-01-19,,2026-01-23,UC4CPIC,P001,ND
M.6601336.800.0.5,MFC,80000006,Dummy Supplier F,90000072,00030,9999.056.016,Dummy bracket assembly,DUMMY-MPN-0216,DummyMfr-Z,5,210,1050,CNY,2026-03-10,2026-03-02,,2026-03-17,2026-03-24,ZUSER2,P002,PD
,MFA,80000007,Dummy Supplier G,90000073,00010,9999.057.017,Dummy cable set,DUMMY-MPN-0217,DummyMfr-X,7,362,2534,CNY,2026-02-03,,,2026-02-10,2026-02-17,UC4CPIC,P001,ND
,MFA,80000008,Dummy Supplier H,90000073,00020,DUMMY-MAT-018,Dummy machined plate,DUMMY-MPN-0218,DummyMfr-X,3,350,1050,CNY,2026-03-10,2026-03-02,,2026-03-17,2026-03-24,ZUSER2,P002,PD
M.6601336.830.0.1,MFB,80000009,Dummy Supplier I,90000073,00030,9999.059.019,Dummy sensor kit,DUMMY-MPN-0219,DummyMfr-Z,20,37,740,CNY,2026-01-20,2026-01-05,2026-02-03,,2026-02-10,ZUSER1,P001,ND
M.6601336.840.0.5,MFB,80000010,Dummy Supplier J,90000074,00010,DUMMY-MAT-020,Dummy service package,DUMMY-MPN-0220,,14,177,2478,CNY,2026-04-15,2026-04-01,2026-04-17,,2026-04-24,UC4CPIC,P002,PD
,MFC,80000001,Dummy Supplier A,90000074,00020,9999.061.001,Dummy bracket assembly,DUMMY-MPN-0221,DummyMfr-Z,4,120,480,CNY,2026-02-02,,,,2026-02-16,ZUSER1,P001,ND
,MFB,80000002,Dummy Supplier B,90000074,00030,9999.062.002,Dummy cable set,DUMMY-MPN-0222,DummyMfr-X,9,176,1584,CNY,2026-02-03,,,2026-02-10,2026-02-17,ZUSER2,P002,PD
,MFD,80000003,Dummy Supplier C,90000075,00010,9999.063.003,Dummy machined plate,DUMMY-MPN-0223,DummyMfr-Z,8,343,2744,CNY,2026-03-05,2026-03-02,,2026-03-12,2026-03-19,ZUSER2,P001,ND
M.6601336.830.0.5,MFD,80000004,Dummy Supplier D,90000075,00020,9999.064.004,Dummy sensor kit,DUMMY-MPN-0224,DummyMfr-X,17,147,2499,CNY,2026-03-05,2026-03-02,,2026-03-12,2026-03-19,ZUSER1,P002,PD
M.6601336.840.0.1,MFA,80000005,Dummy Supplier E,90000075,00030,DUMMY-MAT-025,Dummy service package,DUMMY-MPN-0225,DummyMfr-Z,2,193,386,CNY,2026-02-02,,,,2026-02-16,ZUSER2,P001,ND
M.6601336.800.0.5,MFA,80000006,Dummy Supplier F,90000076,00010,9999.066.006,Dummy bracket assembly,DUMMY-MPN-0226,DummyMfr-Z,3,166,498,CNY,2026-02-03,,,2026-02-10,2026-02-17,ZUSER2,P002,PD
M.6601336.810.0.1,MFD,80000007,Dummy Supplier G,90000076,00020,9999.067.007,Dummy cable set,DUMMY-MPN-0227,DummyMfr-Y,16,243,3888,CNY,2026-01-12,2026-01-05,2026-01-19,,2026-01-23,ZUSER1,P001,ND
M.6601336.820.0.5,MFC,80000008,Dummy Supplier H,90000076,00030,9999.068.008,Dummy machined plate,DUMMY-MPN-0228,DummyMfr-X,7,413,2891,CNY,2026-01-12,2026-01-05,2026-01-19,,2026-01-23,UC4CPIC,P002,PD
M.6601336.830.0.1,MFB,80000009,Dummy Supplier I,90000077,00010,9999.069.009,Dummy sensor kit,DUMMY-MPN-0229,DummyMfr-Z,14,111,1554,CNY,2026-04-15,2026-04-01,2026-04-17,,2026-04-24,UC4CPIC,P001,ND
M.6601336.840.0.5,MFB,80000010,Dummy Supplier J,90000077,00020,DUMMY-MAT-030,Dummy service package,DUMMY-MPN-0230,,15,334,5010,CNY,2026-03-05,2026-03-02,,2026-03-12,2026-03-19,ZUSER2,P002,PD
M.6601336.800.0.1,MFC,80000001,Dummy Supplier A,90000077,00030,9999.071.011,Dummy bracket assembly,DUMMY-MPN-0231,DummyMfr-Y,7,387,2709,CNY,2026-04-15,2026-04-01,2026-04-17,,2026-04-24,ZUSER1,P001,ND
M.6601336.810.0.5,MFA,80000002,Dummy Supplier B,90000078,00010,DUMMY-MAT-032,Dummy cable set,DUMMY-MPN-0232,DummyMfr-Z,10,185,1850,CNY,2026-03-05,2026-03-02,,2026-03-12,2026-03-19,ZUSER2,P002,PD
M.6601336.820.0.1,MFD,80000003,Dummy Supplier C,90000078,00020,9999.073.013,Dummy machined plate,DUMMY-MPN-0233,DummyMfr-Y,9,185,1665,CNY,2026-01-12,2026-01-05,2026-01-19,,2026-01-23,UC4CPIC,P001,ND
M.6601336.830.0.5,MFB,80000004,Dummy Supplier D,90000078,00030,9999.074.014,Dummy sensor kit,DUMMY-MPN-0234,DummyMfr-X,6,313,1878,CNY,2026-02-03,,,2026-02-10,2026-02-17,ZUSER1,P002,PD
M.6601336.840.0.1,MFB,80000005,Dummy Supplier E,90000079,00010,9999.075.015,Dummy service package,DUMMY-MPN-0235,DummyMfr-Z,5,399,1995,CNY,2026-01-20,2026-01-05,2026-02-03,,2026-02-10,UC4CPIC,P001,ND
,MFC,80000006,Dummy Supplier F,90000079,00020,9999.076.016,Dummy bracket assembly,DUMMY-MPN-0236,DummyMfr-X,20,100,2000,CNY,2026-01-07,2026-01-05,2026-01-09,,2026-01-16,ZUSER1,P002,PD
M.6601336.810.0.1,MFB,80000007,Dummy Supplier G,90000079,00030,9999.077.017,Dummy cable set,DUMMY-MPN-0237,DummyMfr-X,15,151,2265,CNY,2026-01-20,2026-01-05,2026-02-03,,2026-02-10,UC4CPIC,P001,ND
M.6601336.820.0.5,MFD,80000008,Dummy Supplier H,90000080,00010,9999.078.018,Dummy machined plate,DUMMY-MPN-0238,DummyMfr-Y,14,94,1316,CNY,2026-02-03,,,2026-02-10,2026-02-17,UC4CPIC,P002,PD
M.6601336.830.0.1,MFB,80000009,Dummy Supplier I,90000080,00020,DUMMY-MAT-039,Dummy sensor kit,DUMMY-MPN-0239,DummyMfr-Y,10,93,930,CNY,2026-03-05,2026-03-02,,2026-03-12,2026-03-19,ZUSER2,P001,ND
M.6601336.840.0.5,MFA,80000010,Dummy Supplier J,90000080,00030,9999.080.020,Dummy service package,DUMMY-MPN-0240,DummyMfr-Y,1,44,44,CNY,2026-01-07,2026-01-05,2026-01-09,,2026-01-16,ZUSER1,P002,PD
,MFB,80000001,Dummy Supplier A,90000081,00010,DUMMY-MAT-001,Dummy bracket assembly,DUMMY-MPN-0241,,7,142,994,CNY,2026-03-10,2026-03-02,,2026-03-17,2026-03-24,UC4CPIC,P001,ND
M.6601336.810.0.5,MFD,80000002,Dummy Supplier B,90000081,00020,9999.002.002,Dummy cable set,DUMMY-MPN-0242,DummyMfr-Z,16,373,5968,CNY,2026-03-05,2026-03-02,,2026-03-12,2026-03-19,ZUSER1,P002,PD
,MFA,80000003,Dummy Supplier C,90000081,00030,9999.003.003,Dummy machined plate,DUMMY-MPN-0243,DummyMfr-Y,4,323,1292,CNY,2026-03-10,2026-03-02,,2026-03-17,2026-03-24,ZUSER2,P001,ND
M.6601336.830.0.5,MFB,80000004,Dummy Supplier D,90000082,00010,9999.004.004,Dummy sensor kit,DUMMY-MPN-0244,DummyMfr-X,9,39,351,CNY,2026-01-20,2026-01-05,2026-02-03,,2026-02-10,UC4CPIC,P002,PD
M.6601336.840.0.1,MFD,80000005,Dummy Supplier E,90000082,00020,9999.005.005,Dummy service package,DUMMY-MPN-0245,DummyMfr-Y,12,421,5052,CNY,2026-01-12,2026-01-05,2026-01-19,,2026-01-23,ZUSER1,P001,ND
,MFD,80000006,Dummy Supplier F,90000082,00030,DUMMY-MAT-006,Dummy bracket assembly,DUMMY-MPN-0246,,10,106,1060,CNY,2026-02-03,,,2026-02-10,2026-02-17,ZUSER2,P002,PD
M.6601336.810.0.1,MFC,80000007,Dummy Supplier G,90000083,00010,9999.007.007,Dummy cable set,DUMMY-MPN-0247,DummyMfr-X,13,372,4836,CNY,2026-01-07,2026-01-05,2026-01-09,,2026-01-16,ZUSER1,P001,ND
,MFA,80000008,Dummy Supplier H,90000083,00020,9999.008.008,Dummy machined plate,DUMMY-MPN-0248,DummyMfr-X,14,294,4116,CNY,2026-02-03,,,2026-02-10,2026-02-17,ZUSER1,P002,PD
M.6601336.830.0.1,MFB,80000009,Dummy Supplier I,90000083,00030,9999.009.009,Dummy sensor kit,DUMMY-MPN-0249,DummyMfr-X,18,90,1620,CNY,2026-04-15,2026-04-01,2026-04-17,,2026-04-24,ZUSER1,P001,ND
,MFC,80000010,Dummy Supplier J,90000084,00010,9999.010.010,Dummy service package,DUMMY-MPN-0250,DummyMfr-Z,20,309,6180,CNY,2026-02-02,,,,2026-02-16,ZUSER2,P002,PD
M.6601336.800.0.1,MFA,80000001,Dummy Supplier A,90000084,00020,9999.011.011,Dummy bracket assembly,DUMMY-MPN-0251,DummyMfr-X,12,255,3060,CNY,2026-01-20,2026-01-05,2026-02-03,,2026-02-10,ZUSER2,P001,ND
M.6601336.810.0.5,MFA,80000002,Dummy Supplier B,90000084,00030,DUMMY-MAT-012,Dummy cable set,DUMMY-MPN-0252,,1,313,313,CNY,2026-01-07,2026-01-05,2026-01-09,,2026-01-16,ZUSER2,P002,PD
M.6601336.820.0.1,MFD,80000003,Dummy Supplier C,90000085,00010,DUMMY-MAT-013,Dummy machined plate,DUMMY-MPN-0253,,14,58,812,CNY,2026-02-03,,,2026-02-10,2026-02-17,UC4CPIC,P001,ND
,MFC,80000004,Dummy Supplier D,90000085,00020,9999.014.014,Dummy sensor kit,DUMMY-MPN-0254,DummyMfr-Z,7,100,700,CNY,2026-04-15,2026-04-01,2026-04-17,,2026-04-24,ZUSER1,P002,PD
,MFA,80000005,Dummy Supplier E,90000085,00030,9999.015.015,Dummy service package,DUMMY-MPN-0255,DummyMfr-X,1,244,244,CNY,2026-01-12,2026-01-05,2026-01-19,,2026-01-23,ZUSER1,P001,ND
M.6601336.800.0.5,MFD,80000006,Dummy Supplier F,90000086,00010,DUMMY-MAT-016,Dummy bracket assembly,DUMMY-MPN-0256,,12,35,420,CNY,2026-01-07,2026-01-05,2026-01-09,,2026-01-16,ZUSER2,P002,PD
M.6601336.810.0.1,MFB,80000007,Dummy Supplier G,90000086,00020,9999.017.017,Dummy cable set,DUMMY-MPN-0257,DummyMfr-Z,2,78,156,CNY,2026-04-15,2026-04-01,2026-04-17,,2026-04-24,ZUSER2,P001,ND
M.6601336.820.0.5,MFB,80000008,Dummy Supplier H,90000086,00030,DUMMY-MAT-018,Dummy machined plate,DUMMY-MPN-0258,,19,301,5719,CNY,2026-01-20,2026-01-05,2026-02-03,,2026-02-10,UC4CPIC,P002,PD
,MFC,80000009,Dummy Supplier I,90000087,00010,9999.019.019,Dummy sensor kit,DUMMY-MPN-0259,DummyMfr-Z,9,300,2700,CNY,2026-01-12,2026-01-05,2026-01-19,,2026-01-23,ZUSER1,P001,ND
M.6601336.840.0.5,MFA,80000010,Dummy Supplier J,90000087,00020,DUMMY-MAT-020,Dummy service package,DUMMY-MPN-0260,,16,373,5968,CNY,2026-02-02,,,,2026-02-16,ZUSER1,P002,PD
M.6601336.800.0.1,MFB,80000001,Dummy Supplier A,90000087,00030,9999.021.001,Dummy bracket assembly,DUMMY-MPN-0261,DummyMfr-Y,3,118,354,CNY,2026-03-05,2026-03-02,,2026-03-12,2026-03-19,UC4CPIC,P001,ND
M.6601336.810.0.5,MFD,80000002,Dummy Supplier B,90000088,00010,9999.022.002,Dummy cable set,DUMMY-MPN-0262,DummyMfr-Z,20,40,800,CNY,2026-01-12,2026-01-05,2026-01-19,,2026-01-23,ZUSER2,P002,PD
,MFC,80000003,Dummy Supplier C,90000088,00020,9999.023.003,Dummy machined plate,DUMMY-MPN-0263,DummyMfr-Y,8,410,3280,CNY,2026-02-02,,,,2026-02-16,ZUSER1,P001,ND
M.6601336.830.0.5,MFD,80000004,Dummy Supplier D,90000088,00030,9999.024.004,Dummy sensor kit,DUMMY-MPN-0264,DummyMfr-X,19,184,3496,CNY,2026-01-12,2026-01-05,2026-01-19,,2026-01-23,UC4CPIC,P002,PD
M.6601336.840.0.1,MFA,80000005,Dummy Supplier E,90000089,00010,9999.025.005,Dummy service package,DUMMY-MPN-0265,DummyMfr-X,10,173,1730,CNY,2026-01-12,2026-01-05,2026-01-19,,2026-01-23,ZUSER2,P001,ND
M.6601336.800.0.5,MFB,80000006,Dummy Supplier F,90000089,00020,9999.026.006,Dummy bracket assembly,DUMMY-MPN-0266,DummyMfr-Y,20,120,2400,CNY,2026-01-12,2026-01-05,2026-01-19,,2026-01-23,ZUSER1,P002,PD
M.6601336.810.0.1,MFA,80000007,Dummy Supplier G,90000089,00030,DUMMY-MAT-027,Dummy cable set,DUMMY-MPN-0267,DummyMfr-Y,5,181,905,CNY,2026-03-05,2026-03-02,,2026-03-12,2026-03-19,UC4CPIC,P001,ND
M.6601336.820.0.5,MFC,80000008,Dummy Supplier H,90000090,00010,9999.028.008,Dummy machined plate,DUMMY-MPN-0268,DummyMfr-Z,20,391,7820,CNY,2026-02-03,,,2026-02-10,2026-02-17,ZUSER1,P002,PD
M.6601336.830.0.1,MFB,80000009,Dummy Supplier I,90000090,00020,9999.029.009,Dummy sensor kit,DUMMY-MPN-0269,DummyMfr-Z,14,390,5460,CNY,2026-03-10,2026-03-02,,2026-03-17,2026-03-24,UC4CPIC,P001,ND
M.6601336.840.0.5,MFB,80000010,Dummy Supplier J,90000090,00030,9999.030.010,Dummy service package,DUMMY-MPN-0270,DummyMfr-Y,1,342,342,CNY,2026-03-05,2026-03-02,,2026-03-12,2026-03-19,ZUSER2,P002,PD
M.6601336.800.0.1,MFD,80000001,Dummy Supplier A,90000091,00010,9999.031.011,Dummy bracket assembly,DUMMY-MPN-0271,DummyMfr-X,8,432,3456,CNY,2026-03-10,2026-03-02,,2026-03-17,2026-03-24,ZUSER2,P001,ND
M.6601336.810.0.5,MFD,80000002,Dummy Supplier B,90000091,00020,9999.032.012,Dummy cable set,DUMMY-MPN-0272,DummyMfr-X,15,97,1455,CNY,2026-01-20,2026-01-05,2026-02-03,,2026-02-10,UC4CPIC,P002,PD
,MFC,80000003,Dummy Supplier C,90000091,00030,9999.033.013,Dummy machined plate,DUMMY-MPN-0273,DummyMfr-X,4,245,980,CNY,2026-01-12,2026-01-05,2026-01-19,,2026-01-23,ZUSER1,P001,ND
,MFA,80000004,Dummy Supplier D,90000092,00010,DUMMY-MAT-034,Dummy sensor kit,DUMMY-MPN-0274,,12,113,1356,CNY,2026-02-02,,,,2026-02-16,ZUSER1,P002,PD
M.6601336.840.0.1,MFA,80000005,Dummy Supplier E,90000092,00020,DUMMY-MAT-035,Dummy service package,DUMMY-MPN-0275,,1,153,153,CNY,2026-03-10,2026-03-02,,2026-03-17,2026-03-24,ZUSER2,P001,ND
M.6601336.800.0.5,MFA,80000006,Dummy Supplier F,90000092,00030,9999.036.016,Dummy bracket assembly,DUMMY-MPN-0276,DummyMfr-X,2,132,264,CNY,2026-01-12,2026-01-05,2026-01-19,,2026-01-23,UC4CPIC,P002,PD
M.6601336.810.0.1,MFC,80000007,Dummy Supplier G,90000093,00010,9999.037.017,Dummy cable set,DUMMY-MPN-0277,DummyMfr-Z,10,318,3180,CNY,2026-01-20,2026-01-05,2026-02-03,,2026-02-10,ZUSER2,P001,ND
M.6601336.820.0.5,MFA,80000008,Dummy Supplier H,90000093,00020,DUMMY-MAT-038,Dummy machined plate,DUMMY-MPN-0278,,4,397,1588,CNY,2026-01-12,2026-01-05,2026-01-19,,2026-01-23,UC4CPIC,P002,PD
,MFD,80000009,Dummy Supplier I,90000093,00030,9999.039.019,Dummy sensor kit,DUMMY-MPN-0279,DummyMfr-X,15,407,6105,CNY,2026-01-20,2026-01-05,2026-02-03,,2026-02-10,UC4CPIC,P001,ND
M.6601336.840.0.5,MFB,80000010,Dummy Supplier J,90000094,00010,9999.040.020,Dummy service package,DUMMY-MPN-0280,DummyMfr-Y,8,77,616,CNY,2026-04-15,2026-04-01,2026-04-17,,2026-04-24,ZUSER1,P002,PD
M.6601336.800.0.1,MFC,80000001,Dummy Supplier A,90000094,00020,DUMMY-MAT-001,Dummy bracket assembly,DUMMY-MPN-0281,DummyMfr-Z,3,135,405,CNY,2026-01-07,2026-01-05,2026-01-09,,2026-01-16,ZUSER2,P001,ND
,MFD,80000002,Dummy Supplier B,90000094,00030,9999.042.002,Dummy cable set,DUMMY-MPN-0282,DummyMfr-Z,7,274,1918,CNY,2026-03-05,2026-03-02,,2026-03-12,2026-03-19,ZUSER2,P002,PD
M.6601336.820.0.1,MFC,80000003,Dummy Supplier C,90000095,00010,DUMMY-MAT-003,Dummy machined plate,DUMMY-MPN-0283,,18,300,5400,CNY,2026-01-07,2026-01-05,2026-01-09,,2026-01-16,ZUSER1,P001,ND
M.6601336.830.0.5,MFA,80000004,Dummy Supplier D,90000095,00020,9999.044.004,Dummy sensor kit,DUMMY-MPN-0284,DummyMfr-Y,8,47,376,CNY,2026-03-05,2026-03-02,,2026-03-12,2026-03-19,ZUSER2,P002,PD
,MFA,80000005,Dummy Supplier E,90000095,00030,9999.045.005,Dummy service package,DUMMY-MPN-0285,DummyMfr-X,13,88,1144,CNY,2026-01-20,2026-01-05,2026-02-03,,2026-02-10,ZUSER2,P001,ND
,MFB,80000006,Dummy Supplier F,90000096,00010,DUMMY-MAT-006,Dummy bracket assembly,DUMMY-MPN-0286,,2,176,352,CNY,2026-03-10,2026-03-02,,2026-03-17,2026-03-24,ZUSER2,P002,PD
M.6601336.810.0.1,MFD,80000007,Dummy Supplier G,90000096,00020,9999.047.007,Dummy cable set,DUMMY-MPN-0287,DummyMfr-Y,6,148,888,CNY,2026-01-07,2026-01-05,2026-01-09,,2026-01-16,ZUSER1,P001,ND
,MFC,80000008,Dummy Supplier H,90000096,00030,DUMMY-MAT-008,Dummy machined plate,DUMMY-MPN-0288,DummyMfr-Z,12,174,2088,CNY,2026-04-15,2026-04-01,2026-04-17,,2026-04-24,UC4CPIC,P002,PD
,MFD,80000009,Dummy Supplier I,90000097,00010,9999.049.009,Dummy sensor kit,DUMMY-MPN-0289,DummyMfr-Y,1,107,107,CNY,2026-04-15,2026-04-01,2026-04-17,,2026-04-24,ZUSER1,P001,ND
M.6601336.840.0.5,MFC,80000010,Dummy Supplier J,90000097,00020,9999.050.010,Dummy service package,DUMMY-MPN-0290,DummyMfr-X,2,450,900,CNY,2026-02-02,,,,2026-02-16,ZUSER2,P002,PD
M.6601336.800.0.1,MFD,80000001,Dummy Supplier A,90000097,00030,9999.051.011,Dummy bracket assembly,DUMMY-MPN-0291,DummyMfr-X,17,74,1258,CNY,2026-02-03,,,2026-02-10,2026-02-17,ZUSER1,P001,ND
M.6601336.810.0.5,MFD,80000002,Dummy Supplier B,90000098,00010,9999.052.012,Dummy cable set,DUMMY-MPN-0292,DummyMfr-Z,10,42,420,CNY,2026-01-12,2026-01-05,2026-01-19,,2026-01-23,ZUSER2,P002,PD
M.6601336.820.0.1,MFA,80000003,Dummy Supplier C,90000098,00020,9999.053.013,Dummy machined plate,DUMMY-MPN-0293,DummyMfr-Z,8,436,3488,CNY,2026-02-02,,,,2026-02-16,UC4CPIC,P001,ND
M.6601336.830.0.5,MFA,80000004,Dummy Supplier D,90000098,00030,9999.054.014,Dummy sensor kit,DUMMY-MPN-0294,DummyMfr-Z,7,328,2296,CNY,2026-02-02,,,,2026-02-16,ZUSER2,P002,PD
,MFC,80000005,Dummy Supplier E,90000099,00010,DUMMY-MAT-015,Dummy service package,DUMMY-MPN-0295,DummyMfr-X,11,254,2794,CNY,2026-02-03,,,2026-02-10,2026-02-17,ZUSER2,P001,ND
M.6601336.800.0.5,MFB,80000006,Dummy Supplier F,90000099,00020,9999.056.016,Dummy bracket assembly,DUMMY-MPN-0296,DummyMfr-X,8,380,3040,CNY,2026-01-12,2026-01-05,2026-01-19,,2026-01-23,ZUSER1,P002,PD
,MFB,80000007,Dummy Supplier G,90000099,00030,9999.057.017,Dummy cable set,DUMMY-MPN-0297,DummyMfr-Z,4,367,1468,CNY,2026-02-03,,,2026-02-10,2026-02-17,ZUSER1,P001,ND
M.6601336.820.0.5,MFB,80000008,Dummy Supplier H,90000100,00010,9999.058.018,Dummy machined plate,DUMMY-MPN-0298,DummyMfr-X,1,152,152,CNY,2026-02-02,,,,2026-02-16,UC4CPIC,P002,PD
,MFC,80000009,Dummy Supplier I,90000100,00020,9999.059.019,Dummy sensor kit,DUMMY-MPN-0299,DummyMfr-X,19,193,3667,CNY,2026-02-02,,,,2026-02-16,ZUSER1,P001,ND
M.6601336.840.0.5,MFA,80000010,Dummy Supplier J,90000100,00030,9999.060.020,Dummy service package,DUMMY-MPN-0300,DummyMfr-Y,3,121,363,CNY,2026-04-15,2026-04-01,2026-04-17,,2026-04-24,UC4CPIC,P002,PD
